codigo,titulo
00010045,00010045
00010046,00010046
00010047,00010047
00010048,00010048
00010049,00010049
00010050,00010050
00010051,00010051
00010052,00010052
00010053,00010053
00010054,00010054
00010055,00010055
00010056,00010056
00010057,00010057
00010058,00010058
00010059,00010059
00010060,00010060
00010061,00010061
00010062,00010062
00010063,00010063
00010064,00010064
00010065,00010065
00010066,00010066
00010067,00010067
00010068,00010068
00010069,00010069
00010070,00010070
00010071,00010071
00010072,00010072
00010073,00010073
00010074,00010074
00010075,00010075
00010076,00010076
00010077,00010077
00010078,00010078
00010079,00010079
00010080,00010080
00010081,00010081
00010082,00010082
00010083,00010083
00010084,00010084
00010085,00010085
00010086,00010086
00010087,00010087
00010088,00010088
00010089,00010089
00010090,00010090
00010091,00010091
00010092,00010092
00010093,00010093
00010094,00010094